Nome ,Idade,Nascimento,Telefone,E-mail,ID,Turmas
Arthur,18,11/02/2008,(19)398229382,Arthur@aluno.com,8601315,A
Thomas,19,11/01/2007,(19)253782729,Thomas@aluno.com,19563150,B
Helena,20,06/07/2006,(19)910248488,Helena@aluno.com,5746435,B
Laura,18,22/06/2008,(19)103900392,Laura@aluno.com,3716926,A
Heitor,21,20/05/2005,(19)103009399,Heitor@aluno.com,5493208,C
Francisca,19,25/02/2007,(19)209481938,Francisca@aluno.com,8444041,B
Adriana,22,17/02/2004,(19)329310383,Adriana@aluno.com,14592849,A
Antonio,18,14/05/2008,(19)402948494,Antonio@aluno.com,7001544,C
Rodrigues,21,13/06/2005,(19)832032848,Rodrigues@aluno.com,19071148,C
